{"cameraMode":{"drawMode":0,"name":"Shaded","section":"Shading Mode"},"sceneLighting":false,"audioPlay":false,"sceneViewState":{"showFog":true,"showMaterialUpdate":false,"showSkybox":false,"showFlares":true,"showImageEffects":true,"showParticleSystems":true},"in2DMode":false,"pivot":{"x":-0.03575241565704346,"y":-0.11620879173278809,"z":0.006470605731010437},"rotation":{"x":0.008346482180058957,"y":-0.9518122673034668,"z":0.02600196562707424,"w":0.30568748712539675},"size":0.7797855138778687,"orthographic":false}