{"cameraMode":{"drawMode":0,"name":"Shaded","section":"Shading Mode"},"sceneLighting":true,"audioPlay":false,"sceneViewState":{"showFog":true,"showMaterialUpdate":false,"showSkybox":true,"showFlares":true,"showImageEffects":true,"showParticleSystems":true},"in2DMode":false,"pivot":{"x":0.0,"y":0.029999978840351106,"z":0.03500000387430191},"rotation":{"x":-0.0017789194826036692,"y":0.6955958604812622,"z":-0.0016164386179298163,"w":-0.718495786190033},"size":0.9232712388038635,"orthographic":true}